h/anno,%production
0,0
1,0
2,0
3,0
4,0.00101
5,0.008142
6,0.025027
7,0.052834
8,0.086621
9,0.113031
10,0.129483
11,0.133178
12,0.127519
13,0.116205
14,0.093004
15,0.065582
16,0.035562
17,0.012396
18,0.000406
19,0
20,0
21,0
22,0
23,0
